allele	frequency
A*02:01	15.167052596758188
A*11:01	20.15051273569302
A*03:01	3.5097585180284483
A*26:01	2.272576910353953
A*24:02	14.796559708898446
A*68:01	2.4396295071121403
A*29:02	1.0370492887859744
A*01:01	4.804829639431029
A*25:01	0.3076414158121072
A*30:01	1.700297717499173
A*30:02	0.6417466093284817
A*32:01	1.195831955011578
A*31:01	2.512404895798875
A*26:08	0.014885874958650347
A*68:02	0.5590473040026464
A*02:05	0.44161429043996037
A*30:04	0.10089315249751903
A*33:01	0.8286470393648694
A*23:01	1.0138934832947402
A*33:03	7.275884882566987
A*25:02	0.0016539861065167053
A*66:01	0.1902084022494211
A*03:02	0.10585511081706914
A*34:02	0.14058881905391996
A*24:09N	0.0016539861065167053
A*02:17	0.02480979159775058
A*69:01	0.08104531921931855
A*02:02	0.3241812768772742
A*02:03	4.672510750909693
A*34:01	0.3489910684750248
A*02:06	3.1128018524644396
A*24:07	1.071782997022825
A*02:11	1.0320873304664242
A*29:01	0.7889513728084684
A*24:10	0.1885544161429044
A*74:01	0.3374131657294079
A*02:25	0.006615944426066821
A*02:61	0.006615944426066821
A*24:84N	0.011577902745616937
A*02:38	0.0016539861065167053
A*02:78	0.0016539861065167053
A*33:12	0.014885874958650347
A*24:26	0.006615944426066821
A*02:07	2.1386040357261002
A*32:14	0.0016539861065167053
A*02:79	0.0016539861065167053
A*02:16	0.05954349983460139
A*24:03	0.3754548461792921
A*24:17	0.04796559708898446
A*11:04	0.028117763810783993
A*02:60	0.0033079722130334105
A*31:09	0.0033079722130334105
A*11:37	0.004961958319550115
A*03:04	0.0016539861065167053
A*11:33	0.004961958319550115
A*24:35	0.0016539861065167053
A*24:27	0.004961958319550115
A*02:10	0.026463777704267284
A*11:12	0.008269930532583528
A*34:05	0.0016539861065167053
A*02:39	0.0016539861065167053
A*11:02	2.1419120079391334
A*24:71	0.0016539861065167053
A*33:07	0.0016539861065167053
A*11:13	0.0033079722130334105
A*11:03	0.018193847171683757
A*24:28	0.0016539861065167053
A*02:65	0.0016539861065167053
A*02:22	0.2497519020840225
A*24:14	0.10750909692358583
A*32:03	0.004961958319550115
A*24:31	0.0033079722130334105
A*24:41	0.0016539861065167053
A*11:07	0.0016539861065167053
A*01:03	0.03638769434336751
A*24:15	0.008269930532583528
A*30:15	0.0033079722130334105
A*24:64	0.0033079722130334105
A*36:01	0.09096923585841879
A*74:10	0.006615944426066821
A*66:03	0.014885874958650347
A*23:05	0.011577902745616937
A*80:01	0.03804168044988422
A*01:02	0.03638769434336751
A*32:06	0.0033079722130334105
A*24:18	0.0016539861065167053
A*23:02	0.0016539861065167053
A*26:02	0.0033079722130334105
A*02:12	0.008269930532583528
A*02:119	0.0016539861065167053
A*02:264	0.008269930532583528
A*24:08	0.008269930532583528
A*02:13	0.12239497188223619
A*33:05	0.004961958319550115
A*02:14	0.006615944426066821
A*74:03	0.023155805491233875
A*01:09	0.0016539861065167053
A*66:02	0.026463777704267284
A*31:04	0.0033079722130334105
A*29:15	0.0016539861065167053
A*02:448	0.0016539861065167053
A*43:01	0.04631161098246775
A*29:10	0.00992391663910023
A*68:07	0.013231888852133642
A*68:03	0.2795236520013232
A*68:05	0.05127356930201786
A*02:33	0.011577902745616937
A*24:25	0.004961958319550115
A*31:78	0.0016539861065167053
A*31:02	0.011577902745616937
A*31:12	0.00992391663910023
A*68:06	0.006615944426066821
A*24:04	0.0016539861065167053
A*02:20	0.008269930532583528
A*11:20	0.0016539861065167053
A*02:152	0.0016539861065167053
A*68:27	0.006615944426066821
A*26:12	0.0033079722130334105
A*01:23	0.008269930532583528
A*23:13	0.0016539861065167053
A*02:04	0.026463777704267284
A*68:16	0.008269930532583528
A*68:23	0.006615944426066821
A*02:58	0.0016539861065167053
A*02:93	0.0016539861065167053
A*31:08	0.0016539861065167053
A*02:46	0.0016539861065167053
A*02:87	0.0016539861065167053
A*24:55	0.004961958319550115
A*02:35	0.0016539861065167053
A*01:136	0.0016539861065167053
A*11:24	0.0016539861065167053
A*23:14	0.0016539861065167053
A*32:02	0.0016539861065167053
A*03:12	0.0033079722130334105
A*33:71	0.0016539861065167053
A*03:08	0.0016539861065167053
A*32:08	0.0016539861065167053
A*03:224	0.0016539861065167053
A*11:122	0.0016539861065167053
A*24:32	0.0016539861065167053
A*02:131	0.004961958319550115
A*02:09	0.014885874958650347
A*33:18	0.0033079722130334105
A*68:19	0.0016539861065167053
A*24:57	0.0016539861065167053
A*24:34	0.0016539861065167053
A*24:11N	0.004961958319550115
A*24:33	0.0033079722130334105
A*24:94	0.0016539861065167053
A*33:19	0.0016539861065167053
A*24:138	0.0016539861065167053
A*36:03	0.0016539861065167053
A*03:89	0.0016539861065167053
A*24:95	0.0016539861065167053
A*26:17	0.0016539861065167053
A*31:15	0.01984783327820046
A*02:45	0.0016539861065167053
A*24:53	0.0016539861065167053
A*24:142	0.0016539861065167053
A*68:30	0.03473370823685081
A*24:72	0.0016539861065167053
A*74:23	0.0016539861065167053
A*02:68	0.0016539861065167053
A*11:15	0.0033079722130334105
A*11:23	0.0033079722130334105
A*11:09	0.0033079722130334105
A*02:27	0.0016539861065167053
A*34:04	0.004961958319550115
A*31:03	0.0016539861065167053
A*32:04	0.0033079722130334105
A*02:34	0.008269930532583528
A*26:13	0.0033079722130334105
A*02:50	0.014885874958650347
A*02:48	0.0016539861065167053
A*31:07	0.0016539861065167053
A*02:52	0.006615944426066821
A*02:08	0.0016539861065167053
A*23:17	0.056235527621567985
A*29:11	0.018193847171683757
A*32:106	0.006615944426066821
A*11:10	0.0016539861065167053
A*02:74	0.0016539861065167053
A*11:29	0.0016539861065167053
A*24:23	0.0016539861065167053
A*30:17	0.0016539861065167053
A*01:12	0.0016539861065167053
A*02:57	0.0016539861065167053
A*31:18	0.0033079722130334105
A*03:50	0.0016539861065167053
A*23:03	0.0016539861065167053
A*24:05	0.0033079722130334105
A*01:26	0.0033079722130334105
A*03:10	0.0016539861065167053
A*03:34	0.0016539861065167053
A*11:19	0.0016539861065167053
A*68:12	0.0016539861065167053
A*68:47	0.0016539861065167053
A*68:17	0.006615944426066821
A*02:64	0.0016539861065167053
A*24:353	0.0628514720476348
A*74:02	0.03638769434336751
A*24:20	0.04961958319550116
A*02:281	0.0033079722130334105
A*11:21N	0.0016539861065167053
A*02:53N	0.0016539861065167053
A*31:82	0.0016539861065167053
A*31:13	0.0033079722130334105
A*33:146	0.0016539861065167053
A*11:263	0.004961958319550115
A*74:05	0.0016539861065167053
A*26:14	0.0016539861065167053
A*11:60	0.0016539861065167053
A*24:314	0.0016539861065167053
B*18:01	1.3435218303822165
B*40:01	8.959768246179314
B*07:02	2.392917319459635
B*35:01	3.2752963433740283
B*08:01	1.911082207573384
B*44:02	1.4144668775311124
B*57:01	1.4514174229211623
B*27:05	0.4197581956309675
B*14:02	2.472730497502143
B*14:01	0.5956427916876053
B*51:01	4.2064500872032875
B*44:03	2.542197522835437
B*15:01	4.596647846522214
B*15:18	0.4596647846522215
B*39:01	1.5179284046232522
B*45:01	0.4714889591770375
B*13:02	1.2917910668361465
B*15:17	0.3103845812764196
B*55:01	0.5099175263826894
B*37:01	0.9400218747228709
B*39:06	0.17884063968784178
B*50:01	0.6119010316592273
B*15:07	0.044340654468059945
B*57:02	0.03251647994324396
B*49:01	0.5513021372195454
B*58:01	5.403647757840906
B*38:01	0.6591977297584912
B*39:03	0.02660439268083597
B*35:04	0.0768571344113039
B*51:09	0.005912087262407993
B*53:01	0.4596647846522215
B*27:09	0.0014780218156019982
B*35:03	1.3376097431198084
B*52:01	1.6228679535309942
B*40:02	6.485559726861569
B*18:03	0.008868130893611988
B*41:01	0.19953294510626976
B*56:01	0.5084395045670874
B*15:10	0.34290106121966357
B*41:02	0.08572526530491589
B*44:05	0.03695054539004995
B*15:08	0.044340654468059945
B*47:01	0.044340654468059945
B*15:03	0.8025658458718851
B*48:01	0.941499896538473
B*35:08	0.13154394158857785
B*15:24	0.014780218156019983
B*27:02	0.045818676283661944
B*07:06	0.0753791125957019
B*35:57	0.0014780218156019982
B*15:25	0.6399834461556653
B*35:02	0.23352744686511573
B*13:01	4.324691832451447
B*27:07	0.06651098170208992
B*15:02	5.42877412870614
B*15:13	0.2749120577019717
B*51:02	0.7050164060421532
B*18:02	0.21431316326228975
B*35:05	0.7670933222974371
B*46:01	7.394543143456797
B*27:04	1.0656537290490409
B*07:05	1.046439445446215
B*38:02	2.731384315232493
B*40:06	1.667208607999054
B*15:21	0.1522362470070058
B*27:06	0.1492802033758018
B*40:10	0.0709450471488959
B*55:02	1.6346921280558102
B*54:01	1.4469833574743562
B*15:35	0.02660439268083597
B*40:22N	0.0029560436312039964
B*18:11	0.004434065446805994
B*39:15	0.011824174524815986
B*15:11	0.25569777409914574
B*35:34	0.0029560436312039964
B*52:11	0.004434065446805994
B*56:06	0.0014780218156019982
B*40:53	0.005912087262407993
B*40:49	0.011824174524815986
B*18:05	0.011824174524815986
B*18:04	0.004434065446805994
B*13:09	0.0014780218156019982
B*18:09	0.004434065446805994
B*15:12	0.35768127937568356
B*56:02	0.0768571344113039
B*48:04	0.029560436312039966
B*27:03	0.0842472434893139
B*15:06	0.008868130893611988
B*55:11	0.0029560436312039964
B*15:05	0.2956043631203996
B*15:81	0.0014780218156019982
B*42:01	0.24682964320553372
B*35:72	0.0014780218156019982
B*39:05	0.5232197227231075
B*15:20	0.017736261787223977
B*58:19	0.0014780218156019982
B*40:52	0.0014780218156019982
B*15:32	0.010346152709213987
B*35:07	0.0029560436312039964
B*35:30	0.05320878536167194
B*07:53	0.0014780218156019982
B*07:40	0.0014780218156019982
B*15:88	0.005912087262407993
B*40:04	0.12858789795737385
B*13:06	0.0029560436312039964
B*15:29	0.010346152709213987
B*55:05	0.0029560436312039964
B*35:58	0.0014780218156019982
B*44:46	0.0014780218156019982
B*73:01	0.013302196340417984
B*15:44	0.0029560436312039964
B*18:18	0.0029560436312039964
B*51:08	0.042862632652457947
B*15:16	0.13302196340417985
B*50:02	0.02512637086523397
B*35:20	0.0753791125957019
B*15:04	0.09902746164533388
B*14:03	0.008868130893611988
B*81:01	0.12415383251056786
B*57:03	0.10641757072334387
B*39:10	0.05025274173046794
B*48:02	0.029560436312039966
B*40:05	0.5025274173046794
B*15:39	0.014780218156019983
B*57:06	0.0014780218156019982
B*42:02	0.04877471991486594
B*51:32	0.0029560436312039964
B*35:27	0.014780218156019983
B*67:01	0.09311537438292589
B*38:06	0.0029560436312039964
B*35:33	0.0014780218156019982
B*07:20	0.004434065446805994
B*56:04	0.09311537438292589
B*48:03	0.4049779774749475
B*40:03	0.06503295988648793
B*56:03	0.0812911998581099
B*51:06	0.1625823997162198
B*54:04	0.0014780218156019982
B*15:27	0.2734340358863697
B*39:09	0.11232965798575187
B*51:07	0.044340654468059945
B*56:10	0.0014780218156019982
B*55:04	0.014780218156019983
B*51:04	0.01625823997162198
B*35:06	0.022170327234029973
B*27:15	0.005912087262407993
B*55:12	0.008868130893611988
B*59:01	0.011824174524815986
B*15:58	0.005912087262407993
B*35:10	0.02660439268083597
B*13:12	0.0029560436312039964
B*27:18	0.0014780218156019982
B*39:07	0.0014780218156019982
B*15:194	0.0029560436312039964
B*44:27	0.0029560436312039964
B*18:40	0.0014780218156019982
B*27:10	0.004434065446805994
B*15:67	0.0029560436312039964
B*58:02	0.23796151231192172
B*44:15	0.0014780218156019982
B*47:03	0.005912087262407993
B*82:02	0.0029560436312039964
B*40:12	0.004434065446805994
B*15:37	0.0029560436312039964
B*15:31	0.020692305418427974
B*51:19	0.0073901090780099914
B*44:29	0.0014780218156019982
B*15:09	0.09163735256732389
B*40:08	0.1699725087942298
B*15:30	0.04877471991486594
B*35:12	0.3074285376452156
B*39:11	0.05764285080847793
B*39:08	0.09163735256732389
B*35:17	0.09163735256732389
B*35:43	0.7005823405953472
B*44:10	0.0029560436312039964
B*40:32	0.0014780218156019982
B*39:02	0.12710987614177185
B*15:15	0.3709834757161016
B*40:27	0.014780218156019983
B*35:123	0.0014780218156019982
B*44:04	0.008868130893611988
B*35:103	0.0014780218156019982
B*39:24	0.0073901090780099914
B*35:189	0.0014780218156019982
B*15:113	0.0014780218156019982
B*40:23	0.010346152709213987
B*40:50	0.004434065446805994
B*56:05	0.0014780218156019982
B*78:02	0.01625823997162198
B*53:04	0.0014780218156019982
B*15:38	0.0014780218156019982
B*52:06	0.0014780218156019982
B*14:06	0.0014780218156019982
B*08:03	0.0014780218156019982
B*13:03	0.004434065446805994
B*39:13	0.0014780218156019982
B*51:10	0.08868130893611989
B*35:31	0.03990658902125395
B*15:47	0.0073901090780099914
B*40:09	0.013302196340417984
B*35:44	0.008868130893611988
B*35:68	0.008868130893611988
B*51:46	0.0014780218156019982
B*07:08	0.0014780218156019982
B*08:50	0.0029560436312039964
B*40:89	0.0014780218156019982
B*51:24	0.0014780218156019982
B*39:04	0.0073901090780099914
B*27:01	0.0073901090780099914
B*51:152	0.0029560436312039964
B*58:34	0.008868130893611988
B*15:264	0.0014780218156019982
B*35:37	0.0014780218156019982
B*78:01	0.014780218156019983
B*51:63	0.0029560436312039964
B*35:235	0.0014780218156019982
B*58:16	0.0014780218156019982
B*57:76	0.011824174524815986
B*40:26	0.0073901090780099914
B*18:12	0.004434065446805994
B*58:08	0.0029560436312039964
B*18:97	0.0014780218156019982
B*52:04	0.0014780218156019982
B*15:75	0.0014780218156019982
B*07:96	0.0029560436312039964
B*35:14	0.06355493807088593
B*14:11	0.0029560436312039964
B*40:11	0.020692305418427974
B*44:11	0.0014780218156019982
B*44:45	0.0014780218156019982
B*07:14	0.0014780218156019982
B*53:14	0.0014780218156019982
B*52:12	0.0014780218156019982
B*40:71	0.005912087262407993
B*40:16	0.0073901090780099914
B*15:48	0.004434065446805994
B*15:56	0.0029560436312039964
B*15:28	0.0014780218156019982
B*40:07	0.005912087262407993
B*15:36	0.0014780218156019982
B*40:13	0.0014780218156019982
B*40:74	0.0014780218156019982
B*14:05	0.0014780218156019982
B*51:05	0.0014780218156019982
B*48:13	0.0014780218156019982
B*35:55	0.0014780218156019982
B*35:21	0.0073901090780099914
B*39:14	0.0029560436312039964
B*35:15	0.0029560436312039964
B*13:04	0.004434065446805994
B*40:58	0.0014780218156019982
B*40:14	0.0029560436312039964
B*40:51	0.0014780218156019982
B*15:220	0.008868130893611988
B*35:11	0.0029560436312039964
B*35:49	0.02660439268083597
B*39:19	0.0073901090780099914
B*57:04	0.0029560436312039964
B*51:29	0.0014780218156019982
B*35:117	0.0014780218156019982
B*15:40	0.0014780218156019982
B*07:26	0.0014780218156019982
B*45:03	0.0014780218156019982
B*35:32	0.0014780218156019982
B*38:03	0.0014780218156019982
B*35:16	0.0029560436312039964
B*82:01	0.0029560436312039964
B*40:20	0.0014780218156019982
B*40:119	0.0014780218156019982
B*40:40	0.0014780218156019982
B*37:05	0.0014780218156019982
B*40:43	0.004434065446805994
B*40:88	0.0014780218156019982
B*55:32	0.0014780218156019982
B*35:60	0.0014780218156019982
B*46:14	0.0014780218156019982
B*55:23	0.0014780218156019982
B*55:13	0.0014780218156019982
B*40:65	0.0029560436312039964
B*52:02	0.0029560436312039964
B*08:04	0.0014780218156019982
B*18:07	0.0029560436312039964
B*45:02	0.004434065446805994
B*49:02	0.004434065446805994
B*42:04	0.0014780218156019982
B*07:03	0.0073901090780099914
B*40:46	0.0029560436312039964
B*58:06	0.0014780218156019982
B*40:39	0.0014780218156019982
B*35:38	0.0014780218156019982
B*15:46	0.0029560436312039964
B*44:08	0.004434065446805994
B*53:03	0.0014780218156019982
B*08:12	0.0014780218156019982
B*39:39	0.0014780218156019982
B*45:07	0.0014780218156019982
B*55:17	0.0014780218156019982
B*37:14	0.0014780218156019982
B*51:43	0.0029560436312039964
B*58:04	0.0014780218156019982
B*15:80	0.0014780218156019982
B*08:23	0.0014780218156019982
B*53:05	0.0014780218156019982
B*27:12	0.0014780218156019982
B*35:09	0.008868130893611988
B*35:24	0.0014780218156019982
B*35:99	0.008868130893611988
B*35:19	0.0029560436312039964
B*51:13	0.0029560436312039964
B*40:64	0.0014780218156019982
B*35:102	0.0014780218156019982
B*35:48	0.0014780218156019982
B*35:23	0.005912087262407993
B*48:07	0.0029560436312039964
B*15:19	0.042862632652457947
B*81:02	0.011824174524815986
B*46:62	0.0014780218156019982
B*27:24	0.0014780218156019982
B*15:86	0.0014780218156019982
B*40:229	0.0014780218156019982
B*51:193	0.005912087262407993
B*40:55	0.0029560436312039964
B*13:50	0.0014780218156019982
B*15:450	0.0014780218156019982
B*15:485	0.0014780218156019982
B*07:09	0.0029560436312039964
B*40:129	0.0029560436312039964
B*44:50	0.0014780218156019982
B*58:22	0.0014780218156019982
B*27:08	0.0014780218156019982
B*15:52	0.0014780218156019982
B*39:20	0.0014780218156019982
B*39:12	0.0014780218156019982
B*51:75	0.0014780218156019982
B*52:21	0.0014780218156019982
C*03:04	9.166897753832744
C*05:01	1.8876520223428277
C*04:01	8.138889989303966
C*07:02	15.158657845739413
C*07:01	4.953848591688785
C*06:02	5.839242562294498
C*01:02	12.464841738303688
C*08:02	1.3132353523749158
C*14:02	3.068177316483778
C*16:01	1.2914471338588915
C*03:03	3.293982490195302
C*07:04	1.2300439725864596
C*12:03	2.8780255912530204
C*16:02	0.5783781642435527
C*02:02	1.1844867884165908
C*15:02	3.909994850057442
C*12:02	3.1117537535158264
C*17:01	0.641762072653805
C*03:02	5.870934516499624
C*08:01	7.980430218278335
C*14:03	0.1366715525096066
C*15:05	0.7051459810640573
C*16:04	0.0415956898942281
C*07:26	0.07724913837499504
C*12:16	0.003961494275640772
C*04:03	1.7212692627659152
C*01:06	0.02574971279166502
C*08:03	0.26542011646793173
C*15:04	0.04753793130768926
C*07:27	0.019807471378203857
C*04:15	0.007922988551281544
C*07:24	0.003961494275640772
C*08:16	0.001980747137820386
C*03:16	0.017826724240383472
C*07:05	0.05149942558333004
C*04:16	0.007922988551281544
C*04:25	0.007922988551281544
C*08:10	0.011884482826922315
C*15:07	0.04357643703204849
C*07:21	0.003961494275640772
C*04:06	0.07328764409935427
C*04:11	0.007922988551281544
C*04:24	0.001980747137820386
C*03:08	0.003961494275640772
C*07:48	0.005942241413461158
C*04:10	0.017826724240383472
C*03:46	0.001980747137820386
C*07:44	0.003961494275640772
C*05:20	0.001980747137820386
C*07:19	0.001980747137820386
C*07:16	0.001980747137820386
C*07:12	0.001980747137820386
C*12:04	0.06338390841025235
C*01:17	0.007922988551281544
C*01:03	0.2218436794358832
C*12:09	0.001980747137820386
C*03:05	0.7586261537852077
C*04:31	0.001980747137820386
C*08:08	0.005942241413461158
C*04:04	0.031691954205126174
C*06:11	0.003961494275640772
C*07:33N	0.001980747137820386
C*07:49	0.001980747137820386
C*02:10	0.3803034504615141
C*18:01	0.138652299647427
C*08:04	0.07526839123717466
C*15:39	0.005942241413461158
C*04:13	0.001980747137820386
C*17:03	0.045557184169868876
C*03:86	0.001980747137820386
C*03:43	0.001980747137820386
C*03:21	0.001980747137820386
C*03:17	0.04357643703204849
C*07:51	0.001980747137820386
C*07:56	0.005942241413461158
C*01:08	0.011884482826922315
C*07:18	0.1109218397179416
C*07:06	0.28126609357049476
C*04:09N	0.003961494275640772
C*08:92	0.001980747137820386
C*15:29	0.005942241413461158
C*16:46	0.001980747137820386
C*04:07	0.009903735689101929
C*06:98	0.001980747137820386
C*07:249	0.001980747137820386
C*01:44	0.003961494275640772
C*18:02	0.04951867844550965
C*03:06	0.011884482826922315
C*03:27	0.001980747137820386
C*07:17	0.003961494275640772
C*15:09	0.02574971279166502
C*04:113	0.001980747137820386
C*12:145	0.001980747137820386
C*07:340	0.001980747137820386
C*02:08	0.001980747137820386
C*15:15	0.003961494275640772
C*02:17	0.001980747137820386
C*14:55	0.001980747137820386
C*15:81	0.001980747137820386
C*06:138	0.003961494275640772
C*07:40	0.001980747137820386
C*12:98	0.001980747137820386
C*07:314	0.001980747137820386
C*07:29	0.003961494275640772
C*06:28	0.001980747137820386
C*07:13	0.001980747137820386
C*16:12	0.001980747137820386
C*03:88	0.001980747137820386
C*03:11	0.001980747137820386
C*03:28	0.001980747137820386
C*06:14	0.001980747137820386
C*15:10	0.005942241413461158
C*15:13	0.021788218516024246
C*01:10	0.02574971279166502
C*05:04	0.0138652299647427
C*07:172	0.001980747137820386
C*03:296	0.001980747137820386
C*15:76	0.001980747137820386
C*08:162	0.001980747137820386
C*05:03	0.001980747137820386
C*03:38	0.003961494275640772
C*03:15	0.001980747137820386
C*01:11	0.003961494275640772
C*01:16	0.003961494275640772
C*03:13	0.001980747137820386
C*07:03	0.005942241413461158
C*07:08	0.007922988551281544
C*12:05	0.001980747137820386
C*15:08	0.003961494275640772
C*12:14	0.001980747137820386
C*15:03	0.003961494275640772
C*06:09	0.001980747137820386
C*03:57	0.001980747137820386
C*02:07	0.001980747137820386
C*06:16N	0.001980747137820386
C*07:66	0.019807471378203857
C*08:22	0.08121063265063583
C*04:82	0.05348017272115041
C*07:595	0.005942241413461158
C*01:53	0.001980747137820386
C*03:85	0.003961494275640772
C*12:18	0.001980747137820386
C*03:36	0.007922988551281544
C*08:21	0.001980747137820386
C*03:225	0.001980747137820386
C*08:127N	0.003961494275640772
C*03:195	0.001980747137820386
C*06:06	0.001980747137820386
C*12:12	0.003961494275640772
C*05:37	0.003961494275640772
C*02:14	0.001980747137820386
C*01:22	0.001980747137820386
C*07:07	0.001980747137820386
DRB1*04:04	1.71239493768718
DRB1*03:01	8.774514539658004
DRB1*01:01	2.5601391169935273
DRB1*04:01	1.3947927736450585
DRB1*15:01	8.223843106946187
DRB1*07:01	8.165877692976524
DRB1*13:01	3.4912085788812677
DRB1*01:03	0.5361800792193991
DRB1*11:03	0.25722152449038743
DRB1*08:01	0.7233600618297749
DRB1*11:04	1.3307892957202203
DRB1*14:01	0.9733359095739542
DRB1*13:02	2.8173606414839147
DRB1*11:01	5.1999806781953435
DRB1*16:01	0.6460728432035552
DRB1*01:02	1.643561008598203
DRB1*13:03	0.6182977490097575
DRB1*08:02	1.5348758574050816
DRB1*10:01	2.137474640131388
DRB1*04:07	2.0589798087141338
DRB1*04:02	0.7209448362477056
DRB1*04:05	3.6663124335812967
DRB1*09:01	7.425611052072263
DRB1*04:03	2.7497343251859725
DRB1*12:01	2.2811805622645154
DRB1*04:16	0.004830451164138731
DRB1*15:02	3.0359385566611925
DRB1*11:02	0.6158825234276881
DRB1*08:03	2.9972949473480823
DRB1*04:08	0.17148101632692495
DRB1*08:04	0.6364119408752777
DRB1*08:06	0.03139793256690175
DRB1*04:06	0.8851801758284223
DRB1*08:10	0.008453289537242777
DRB1*16:02	3.434450777702638
DRB1*14:54	1.8802531156410007
DRB1*11:24	0.0012076127910346827
DRB1*12:02	6.499372041348662
DRB1*07:16	0.015698966283450876
DRB1*14:04	1.0675297072746595
DRB1*11:05	0.015698966283450876
DRB1*03:04	0.015698966283450876
DRB1*15:08	0.008453289537242777
DRB1*15:09	0.004830451164138731
DRB1*12:07	0.0012076127910346827
DRB1*15:04	0.028982706984832383
DRB1*14:86	0.0012076127910346827
DRB1*07:08	0.006038063955173413
DRB1*13:79	0.0024152255820693654
DRB1*01:07	0.004830451164138731
DRB1*15:31	0.012076127910346826
DRB1*08:09	0.15578205004347406
DRB1*11:06	0.09177857211863588
DRB1*15:05	0.0024152255820693654
DRB1*15:06	0.06641870350690755
DRB1*03:13	0.007245676746208096
DRB1*07:11	0.009660902328277461
DRB1*14:05	0.8380832769780697
DRB1*13:13	0.0012076127910346827
DRB1*03:02	0.8404985025601391
DRB1*15:29	0.004830451164138731
DRB1*12:12	0.0012076127910346827
DRB1*09:06	0.0012076127910346827
DRB1*08:12	0.004830451164138731
DRB1*11:11	0.01811419186552024
DRB1*03:19	0.006038063955173413
DRB1*13:73	0.0012076127910346827
DRB1*14:39	0.0012076127910346827
DRB1*16:03	0.0012076127910346827
DRB1*09:08	0.0012076127910346827
DRB1*11:27	0.0024152255820693654
DRB1*15:25	0.0012076127910346827
DRB1*08:33	0.0012076127910346827
DRB1*07:07	0.003622838373104048
DRB1*03:30	0.0024152255820693654
DRB1*14:82	0.0024152255820693654
DRB1*13:46	0.0012076127910346827
DRB1*14:02	0.8247995362766882
DRB1*14:06	0.2970727465945319
DRB1*15:03	1.2208965317360643
DRB1*13:04	0.06883392908897691
DRB1*13:05	0.11230798956622548
DRB1*04:11	0.9117476572311853
DRB1*01:06	0.0012076127910346827
DRB1*14:08	0.020529417447589605
DRB1*12:15	0.0012076127910346827
DRB1*13:12	0.4625156989662834
DRB1*14:18	0.05192735001449136
DRB1*14:03	0.09419379770070524
DRB1*14:10	0.014491353492416191
DRB1*14:07	0.05192735001449136
DRB1*14:12	0.013283740701381509
DRB1*04:10	0.16423533958071684
DRB1*08:19	0.0024152255820693654
DRB1*14:25	0.004830451164138731
DRB1*11:54	0.008453289537242777
DRB1*11:19	0.003622838373104048
DRB1*14:15	0.026567481402763018
DRB1*13:07	0.007245676746208096
DRB1*12:20	0.0012076127910346827
DRB1*12:08	0.0012076127910346827
DRB1*03:81	0.003622838373104048
DRB1*10:11	0.0012076127910346827
DRB1*03:03	0.006038063955173413
DRB1*16:04	0.0024152255820693654
DRB1*14:33	0.0024152255820693654
DRB1*04:09	0.013283740701381509
DRB1*16:09	0.004830451164138731
DRB1*13:49	0.0012076127910346827
DRB1*11:14	0.008453289537242777
DRB1*03:17	0.0024152255820693654
DRB1*08:07	0.14732876050623128
DRB1*04:17	0.010868515119312144
DRB1*03:07	0.003622838373104048
DRB1*10:02	0.013283740701381509
DRB1*11:08	0.008453289537242777
DRB1*11:143	0.0012076127910346827
DRB1*14:31	0.0012076127910346827
DRB1*04:35	0.0024152255820693654
DRB1*04:41	0.0024152255820693654
DRB1*10:03	0.004830451164138731
DRB1*03:05	0.0024152255820693654
DRB1*15:15	0.0012076127910346827
DRB1*11:66	0.004830451164138731
DRB1*15:91	0.003622838373104048
DRB1*15:07	0.006038063955173413
DRB1*14:21	0.008453289537242777
DRB1*15:69	0.0012076127910346827
DRB1*14:126	0.0012076127910346827
DRB1*07:14	0.0012076127910346827
DRB1*15:33	0.0012076127910346827
DRB1*08:18	0.0012076127910346827
DRB1*07:03	0.0012076127910346827
DRB1*15:38	0.0024152255820693654
DRB1*14:28	0.0024152255820693654
DRB1*03:20	0.0024152255820693654
DRB1*16:15	0.0012076127910346827
DRB1*07:05	0.006038063955173413
DRB1*04:14	0.0012076127910346827
DRB1*03:06	0.006038063955173413
DRB1*12:21	0.0012076127910346827
DRB1*11:37	0.0012076127910346827
DRB1*09:02	0.0012076127910346827
DRB1*01:04	0.0012076127910346827
DRB1*04:38	0.0012076127910346827
DRB1*11:28	0.0024152255820693654
DRB1*11:13	0.007245676746208096
DRB1*14:17	0.007245676746208096
DRB1*11:18	0.003622838373104048
DRB1*12:38	0.0012076127910346827
DRB1*13:16	0.004830451164138731
DRB1*13:40	0.010868515119312144
DRB1*13:56	0.006038063955173413
DRB1*13:31	0.0012076127910346827
DRB1*13:11	0.0012076127910346827
DRB1*13:60	0.0012076127910346827
DRB1*14:23	0.0024152255820693654
DRB1*03:115	0.0012076127910346827
DRB1*13:06	0.0024152255820693654
DRB1*13:77	0.0012076127910346827
DRB1*13:80	0.003622838373104048
DRB1*13:14	0.008453289537242777
DRB1*03:15	0.0012076127910346827
DRB1*11:09	0.0024152255820693654
DRB1*11:10	0.0024152255820693654
DRB1*11:12	0.0012076127910346827
DRB1*13:10	0.006038063955173413
DRB1*14:27	0.006038063955173413
DRB1*14:183	0.0012076127910346827
DRB1*14:13	0.004830451164138731
DRB1*11:45	0.0012076127910346827
DRB1*15:17N	0.004830451164138731
DRB1*11:39	0.0012076127910346827
DRB1*13:08	0.0024152255820693654
DRB1*03:33	0.0012076127910346827
DRB1*14:35	0.0012076127910346827
DRB1*04:13	0.0024152255820693654
DRB1*08:20	0.003622838373104048
DRB1*11:20	0.0012076127910346827
DRB1*14:24	0.0012076127910346827
DRB1*12:09	0.0024152255820693654
DRB1*11:17	0.0012076127910346827
DRB1*03:08	0.0012076127910346827
DRB1*04:51	0.0012076127910346827
DRB1*04:154	0.0012076127910346827
DRB1*04:91	0.0012076127910346827
DRB1*11:42	0.0012076127910346827
DRB1*07:09	0.0012076127910346827
DRB1*14:71	0.0024152255820693654
DRB1*03:11	0.0024152255820693654
DRB1*13:69	0.003622838373104048
DRB1*13:63	0.0012076127910346827
DRB1*15:14	0.0012076127910346827
DRB1*13:47	0.003622838373104048
DRB1*14:29	0.0012076127910346827
DRB1*14:46	0.0024152255820693654
DRB1*04:32	0.0012076127910346827
DRB1*08:11	0.014491353492416191
DRB1*11:129	0.03381315814897111
DRB1*12:10	0.0277750941937977
DRB1*08:37	0.0012076127910346827
DRB1*04:49	0.0012076127910346827
DRB1*08:32	0.0012076127910346827
DRB1*09:04	0.0012076127910346827
DRB1*12:68	0.0012076127910346827
DRB1*14:95	0.0012076127910346827
DRB1*12:05	0.0024152255820693654
DRB1*11:07	0.0012076127910346827
DRB1*01:77	0.0012076127910346827
DQB1*02:02	3.793415340086831
DQB1*02:01	5.135672937771346
DQB1*06:04	0.8158465991316931
DQB1*06:02	3.133140376266281
DQB1*06:03	2.3787988422575976
DQB1*03:01	27.709840810419685
DQB1*05:01	5.437771345875542
DQB1*03:02	26.02206946454414
DQB1*03:03	7.375180897250362
DQB1*05:02	4.07561505065123
DQB1*05:03	2.8979739507959477
DQB1*06:09	0.8465991316931983
DQB1*04:02	2.6338639652677283
DQB1*06:01	5.575253256150506
DQB1*03:04	0.09406657018813314
DQB1*03:05	0.04341534008683068
DQB1*04:01	1.4670767004341534
DQB1*06:05	0.054269175108538355
DQB1*03:21	0.00361794500723589
DQB1*06:10	0.08502170767004343
DQB1*06:11	0.012662807525325614
DQB1*03:20	0.001808972503617945
DQB1*02:05	0.005426917510853835
DQB1*02:03	0.023516642547033284
DQB1*06:08	0.009044862518089725
DQB1*05:04	0.02170767004341534
DQB1*06:110	0.00361794500723589
DQB1*06:48	0.00723589001447178
DQB1*03:11	0.001808972503617945
DQB1*02:25	0.001808972503617945
DQB1*03:19	0.20803183791606367
DQB1*05:08	0.009044862518089725
DQB1*05:10	0.00723589001447178
DQB1*04:03	0.00361794500723589
DQB1*03:18	0.00723589001447178
DQB1*02:30	0.00361794500723589
DQB1*06:140	0.005426917510853835
DQB1*03:30	0.001808972503617945
DQB1*02:07	0.01447178002894356
DQB1*06:07	0.00723589001447178
DQB1*03:09	0.001808972503617945
DQB1*05:05	0.001808972503617945
DQB1*02:12	0.001808972503617945
DQB1*03:31	0.001808972503617945
DQB1*03:13	0.01447178002894356
DQB1*05:42	0.001808972503617945
DQB1*03:25	0.001808972503617945
DQB1*06:13	0.001808972503617945
DQB1*04:04	0.001808972503617945
DQB1*02:04	0.001808972503617945
DQB1*03:14	0.001808972503617945
DQB1*06:20	0.001808972503617945
DQB1*03:07	0.005426917510853835
DQB1*03:27	0.00361794500723589
DQB1*06:214	0.00361794500723589
DQB1*06:31	0.001808972503617945
DQB1*06:14	0.001808972503617945
DQB1*06:19	0.001808972503617945
DQB1*03:38	0.00361794500723589
DQB1*03:17	0.001808972503617945
DQB1*03:196	0.001808972503617945
DQB1*05:117	0.001808972503617945
DQB1*05:103	0.001808972503617945
DQB1*06:52	0.001808972503617945
DQA1*01:03	7.727077055531641
DQA1*04:01	1.8725785622040465
DQA1*05:05	7.931554024967714
DQA1*05:01	8.281317262160998
DQA1*01:02	17.531209642703402
DQA1*01:01	6.882264313387861
DQA1*03:01	9.648084373654758
DQA1*01:04	5.117305208781748
DQA1*02:01	6.823073611708998
DQA1*03:03	4.681446405510116
DQA1*01:05	1.1030994403788206
DQA1*04:02	0.016142918639690057
DQA1*06:01	9.944037882049074
DQA1*03:02	10.713517003874301
DQA1*01:06	0.01076194575979337
DQA1*05:02	0.026904864399483426
DQA1*05:09	0.02152389151958674
DQA1*05:11	0.005380972879896685
DQA1*05:03	1.146147223417994
DQA1*05:10	0.04304778303917348
DQA1*05:08	0.3174773999139044
DQA1*05:06	0.12914334911752046
DQA1*01:09	0.01076194575979337
DQA1*01:07Q	0.01076194575979337
DQA1*05:07	0.005380972879896685
E*01:01	53.07017543859649
E*01:03	46.92982456140351
F*01:01	83.77192982456141
F*01:03	15.789473684210526
F*01:04	0.43859649122807015
G*01:01	75.70621468926554
G*01:04	11.581920903954803
G*01:06	5.932203389830509
G*01:03	5.649717514124294
G*01:05N	1.1299435028248588
DPB1*17:01	1.8126435633676223
DPB1*94:01	0.004993508439029262
DPB1*04:02	6.90102866273844
DPB1*18:01	0.35953260761010686
DPB1*01:01	3.185858384100669
DPB1*13:01	7.140717067811845
DPB1*04:01	12.58863477479277
DPB1*02:01	14.90062918206332
DPB1*03:01	4.898631778687705
DPB1*34:01	0.06990911814640967
DPB1*39:01	0.0399480675122341
DPB1*55:01	0.0399480675122341
DPB1*11:01	0.5193248776590432
DPB1*19:01	0.629182063317687
DPB1*15:01	0.21971437131728752
DPB1*129:01	0.004993508439029262
DPB1*14:01	2.881254369319884
DPB1*02:02	5.2082293019075205
DPB1*85:01	0.009987016878058525
DPB1*05:01	27.798861480075903
DPB1*29:01	0.004993508439029262
DPB1*10:01	0.4843703185858384
DPB1*20:01	0.04993508439029262
DPB1*16:01	0.1847598122440827
DPB1*30:01	0.009987016878058525
DPB1*06:01	0.15479876160990713
DPB1*26:01	0.5642664536103066
DPB1*09:01	1.3382602616598422
DPB1*45:01	0.04993508439029262
DPB1*21:01	2.786377708978328
DPB1*83:01	0.014980525317087785
DPB1*109:01	0.02496754219514631
DPB1*28:01	0.04993508439029262
DPB1*526:01	0.004993508439029262
DPB1*117:01	0.004993508439029262
DPB1*57:01	0.034954559073204834
DPB1*81:01	0.014980525317087785
DPB1*51:01	0.02496754219514631
DPB1*25:01	0.014980525317087785
DPB1*73:01	0.004993508439029262
DPB1*105:01	0.8239288924398283
DPB1*131:01	0.0649156097073804
DPB1*144:01	0.004993508439029262
DPB1*106:01	0.04993508439029262
DPB1*49:01	0.01997403375611705
DPB1*40:01	0.01997403375611705
DPB1*47:01	0.004993508439029262
DPB1*123:01	0.004993508439029262
DPB1*23:01	0.06990911814640967
DPB1*72:01	0.004993508439029262
DPB1*141:01	0.009987016878058525
DPB1*143:01	0.004993508439029262
DPB1*31:01	0.26964945570758014
DPB1*107:01	0.014980525317087785
DPB1*38:01	0.08488964346349745
DPB1*33:01	0.004993508439029262
DPB1*78:01	0.004993508439029262
DPB1*104:01	0.798961350244682
DPB1*48:01	0.1847598122440827
DPB1*36:01	0.014980525317087785
DPB1*41:01	0.12483771097573154
DPB1*581:01	0.004993508439029262
DPB1*126:01	0.05992210126835114
DPB1*135:01	1.6278837511235396
DPB1*296:01	0.034954559073204834
DPB1*834:01	0.009987016878058525
DPB1*414:01	0.02496754219514631
DPB1*700:01N	0.034954559073204834
DPB1*100:01	0.06990911814640967
DPB1*744:01	0.034954559073204834
DPB1*665:01	0.0399480675122341
DPB1*835:01	0.01997403375611705
DPB1*61:01N	0.004993508439029262
DPB1*584:01	0.014980525317087785
DPB1*558:01	0.009987016878058525
DPB1*394:01	0.009987016878058525
DPB1*652:01	0.004993508439029262
DPB1*166:01	0.009987016878058525
DPB1*92:01	0.004993508439029262
DPB1*702:01	0.009987016878058525
DPB1*489:01	0.004993508439029262
DPB1*416:01	0.05992210126835114
DPB1*331:01	0.004993508439029262
DPB1*237:01	0.004993508439029262
DPB1*93:01	0.004993508439029262
DPB1*91:01	0.004993508439029262
DPB1*849:01	0.004993508439029262
DPB1*746:01	0.004993508439029262
DPB1*295:01	0.004993508439029262
DPB1*133:01	0.014980525317087785
DPB1*271:01	0.014980525317087785
DPB1*124:01	0.05492859282932188
DPB1*27:01	0.01997403375611705
DPB1*35:01	0.014980525317087785
DPB1*350:01	0.04494157595126336
DPB1*150:01	0.009987016878058525
DPB1*158:01	0.014980525317087785
DPB1*152:01	0.004993508439029262
DPB1*65:01	0.004993508439029262
DPB1*200:01	0.004993508439029262
DPB1*417:01	0.004993508439029262
DPB1*113:01	0.009987016878058525
DPB1*182:01	0.004993508439029262
DPB1*08:01	0.004993508439029262
DPB1*363:01	0.004993508439029262
DPB1*463:01	0.004993508439029262
DPB1*80:01	0.004993508439029262
DPA1*01:03	36.080148619957534
DPA1*02:01	10.761677282377919
DPA1*02:02	47.55175159235669
DPA1*04:01	3.5562632696390657
DPA1*03:01	0.43789808917197454
DPA1*01:04	0.059713375796178345
DPA1*01:12	0.019904458598726117
DPA1*02:03	0.006634819532908705
DPA1*01:11	0.059713375796178345
DPA1*02:07	1.3468683651804672
DPA1*02:10	0.059713375796178345
DPA1*01:10	0.006634819532908705
DPA1*02:06	0.04644373673036094
DPA1*03:02	0.006634819532908705
